samples,N,budget,criterion,signed,max_recombine,max_ortho,max_growth,n_growth_over,n_kappa_over,n_kappa_stuck,max_formula,max_reduced,max_full,n_wild_over,max_wild,seconds
10000,2,1,energy,0,4.943461202238085e-13,4.945199662303472e-13,1.4142023156251957,0,0,0,,4.944246218454889e-13,6.644713758784748e-13,10000,80.71047149694137,4.159094000002369
10000,2,1,smallest,0,5.103240958497782e-13,5.10472166811259e-13,1.4142132687232138,0,0,0,0.0,5.103823583421686e-13,5.365949410743957e-13,10000,80.99999997881189,4.139118699997198
10000,4,1,energy,0,4.080653490344374e-12,4.08080879883068e-12,1.4142135373030194,0,0,1883,,4.080506266887042e-12,7.200314445043229e-13,10000,80.71215067242066,4.247255900001619
10000,4,1,smallest,0,3.076628565428718e-12,3.07976502682297e-12,1.4142135495382777,0,0,40,0.0,3.0762932873329102e-12,7.20553908171e-13,10000,80.99999350472572,4.278054499998689
10000,8,1,energy,0,3.850821744684611e-12,3.851913791975887e-12,1.414213562371377,0,0,3625,,3.850916512987154e-12,4.4837261955471046e-13,10000,80.70999067507135,4.46546410000883
10000,8,1,smallest,0,2.4982950856192954e-12,2.059376202172759e-12,1.4142135465306642,0,0,99,0.0,2.498864183344562e-12,5.323023041039814e-13,10000,80.99979654600969,4.542324200010626
100000,2,1,energy,0,7.155402777414576e-13,7.153788545783022e-13,1.4142132492014428,0,0,0,,7.154773687611372e-13,6.644713758784748e-13,100000,80.71277814856464,43.765732999978354
100000,2,1,smallest,0,8.062495696610233e-13,8.061960490093439e-13,1.4142135616873992,0,0,0,0.0,8.064111199106281e-13,6.771819111834301e-13,100000,80.99999997881189,43.42822059997707
100000,4,1,energy,0,4.65123706565053e-12,4.649359252708957e-12,1.4142135622198875,0,0,18961,,4.651140170694994e-12,7.443690691081154e-13,100000,80.7131912251975,44.98842219999642
100000,4,1,smallest,0,4.260467236787772e-12,4.21871917896627e-12,1.4142135623667342,0,0,449,0.0,4.26080247358954e-12,8.337647375302097e-13,100000,80.99999983377876,44.834457599994494
100000,8,1,energy,0,4.148143986633111e-12,4.030276777222798e-12,1.414213562371377,0,0,37134,,4.1485336154809315e-12,5.984496255114178e-13,100000,80.71318082117905,46.25668809999479
100000,8,1,smallest,0,2.999035543596946e-12,2.8448702901259615e-12,1.414213562370473,0,0,1168,0.0,2.9986049689311663e-12,7.930666645827597e-13,100000,80.99997772153108,46.18878980001318
1000000,2,1,energy,0,7.733286220985938e-13,7.733906662180858e-13,1.4142135622139216,0,0,0,,7.733447471040466e-13,8.01489627325043e-13,1000000,80.71320995539263,510.69752419998986
1000000,2,1,smallest,0,8.757244637224096e-13,8.758357498883876e-13,1.4142135623692682,0,0,0,0.0,8.754281391089155e-13,8.70906290263039e-13,1000000,80.99999997881189,508.70686089998344
1000000,4,1,energy,0,5.12385568968743e-12,5.123646665200744e-12,1.414213562372409,0,0,190957,,5.123885750298231e-12,1.1751449486461741e-12,1000000,80.71324050754558,523.6845869999961
1000000,4,1,smallest,0,4.62108481977241e-12,4.8460134033455496e-12,1.4142135623667342,0,0,4056,0.0,4.621929183110965e-12,1.0922705519294263e-12,1000000,80.99999999550053,520.6192163999949
1000000,8,1,energy,0,4.879975752627608e-12,4.851913317003756e-12,1.4142135623730923,0,0,369657,,4.880043072149474e-12,8.473586064478578e-13,1000000,80.71318082117905,534.9794815000205
1000000,8,1,smallest,0,4.026385707523239e-12,4.077588692417279e-12,1.414213562373083,0,0,11808,0.0,4.026716245530069e-12,7.930666645827597e-13,1000000,80.99999533787755,533.6768315000227
